index,k__Archaea;p__Euryarchaeota;c__Methanobacteria;o__Methanobacteriales;f__Methanobacteriaceae;g__Methanobrevibacter;s__,k__Bacteria;__;__;__;__;__;__,k__Bacteria;p__Actinobacteria;c__Actinobacteria;o__Actinomycetales;f__Actinomycetaceae;g__Actinomyces;s__,k__Bacteria;p__Actinobacteria;c__Actinobacteria;o__Actinomycetales;f__Actinomycetaceae;g__Varibaculum;s__,k__Bacteria;p__Actinobacteria;c__Actinobacteria;o__Actinomycetales;f__Micrococcaceae;g__Rothia;s__mucilaginosa,k__Bacteria;p__Actinobacteria;c__Actinobacteria;o__Actinomycetales;f__Propionibacteriaceae;g__Propionibacterium;s__acnes,k__Bacteria;p__Actinobacteria;c__Actinobacteria;o__Bifidobacteriales;f__Bifidobacteriaceae;g__Bifidobacterium;__,k__Bacteria;p__Actinobacteria;c__Actinobacteria;o__Bifidobacteriales;f__Bifidobacteriaceae;g__Bifidobacterium;s__,k__Bacteria;p__Actinobacteria;c__Actinobacteria;o__Bifidobacteriales;f__Bifidobacteriaceae;g__Bifidobacterium;s__adolescentis,k__Bacteria;p__Actinobacteria;c__Actinobacteria;o__Bifidobacteriales;f__Bifidobacteriaceae;g__Bifidobacterium;s__bifidum,k__Bacteria;p__Actinobacteria;c__Coriobacteriia;o__Coriobacteriales;f__Coriobacteriaceae;__;__,k__Bacteria;p__Actinobacteria;c__Coriobacteriia;o__Coriobacteriales;f__Coriobacteriaceae;g__;s__,k__Bacteria;p__Actinobacteria;c__Coriobacteriia;o__Coriobacteriales;f__Coriobacteriaceae;g__Adlercreutzia;s__,k__Bacteria;p__Actinobacteria;c__Coriobacteriia;o__Coriobacteriales;f__Coriobacteriaceae;g__Atopobium;s__,k__Bacteria;p__Actinobacteria;c__Coriobacteriia;o__Coriobacteriales;f__Coriobacteriaceae;g__Collinsella;s__,k__Bacteria;p__Actinobacteria;c__Coriobacteriia;o__Coriobacteriales;f__Coriobacteriaceae;g__Collinsella;s__aerofaciens,k__Bacteria;p__Actinobacteria;c__Coriobacteriia;o__Coriobacteriales;f__Coriobacteriaceae;g__Collinsella;s__stercoris,k__Bacteria;p__Actinobacteria;c__Coriobacteriia;o__Coriobacteriales;f__Coriobacteriaceae;g__Eggerthella;s__,k__Bacteria;p__Actinobacteria;c__Coriobacteriia;o__Coriobacteriales;f__Coriobacteriaceae;g__Eggerthella;s__lenta,k__Bacteria;p__Actinobacteria;c__Coriobacteriia;o__Coriobacteriales;f__Coriobacteriaceae;g__Slackia;s__,k__Bacteria;p__Bacteroidetes;__;__;__;__;__,k__Bacteria;p__Bacteroidetes;c__Bacteroidia;o__Bacteroidales;f__;g__;s__,k__Bacteria;p__Bacteroidetes;c__Bacteroidia;o__Bacteroidales;f__Bacteroidaceae;g__Bacteroides;__,k__Bacteria;p__Bacteroidetes;c__Bacteroidia;o__Bacteroidales;f__Bacteroidaceae;g__Bacteroides;s__,k__Bacteria;p__Bacteroidetes;c__Bacteroidia;o__Bacteroidales;f__Bacteroidaceae;g__Bacteroides;s__acidifaciens,k__Bacteria;p__Bacteroidetes;c__Bacteroidia;o__Bacteroidales;f__Bacteroidaceae;g__Bacteroides;s__caccae,k__Bacteria;p__Bacteroidetes;c__Bacteroidia;o__Bacteroidales;f__Bacteroidaceae;g__Bacteroides;s__eggerthii,k__Bacteria;p__Bacteroidetes;c__Bacteroidia;o__Bacteroidales;f__Bacteroidaceae;g__Bacteroides;s__fragilis,k__Bacteria;p__Bacteroidetes;c__Bacteroidia;o__Bacteroidales;f__Bacteroidaceae;g__Bacteroides;s__ovatus,k__Bacteria;p__Bacteroidetes;c__Bacteroidia;o__Bacteroidales;f__Bacteroidaceae;g__Bacteroides;s__plebeius,k__Bacteria;p__Bacteroidetes;c__Bacteroidia;o__Bacteroidales;f__Bacteroidaceae;g__Bacteroides;s__uniformis,k__Bacteria;p__Bacteroidetes;c__Bacteroidia;o__Bacteroidales;f__Porphyromonadaceae;g__Parabacteroides;__,k__Bacteria;p__Bacteroidetes;c__Bacteroidia;o__Bacteroidales;f__Porphyromonadaceae;g__Parabacteroides;s__,k__Bacteria;p__Bacteroidetes;c__Bacteroidia;o__Bacteroidales;f__Porphyromonadaceae;g__Parabacteroides;s__distasonis,k__Bacteria;p__Bacteroidetes;c__Bacteroidia;o__Bacteroidales;f__Porphyromonadaceae;g__Parabacteroides;s__gordonii,k__Bacteria;p__Bacteroidetes;c__Bacteroidia;o__Bacteroidales;f__Porphyromonadaceae;g__Porphyromonas;s__,k__Bacteria;p__Bacteroidetes;c__Bacteroidia;o__Bacteroidales;f__Prevotellaceae;g__Prevotella;__,k__Bacteria;p__Bacteroidetes;c__Bacteroidia;o__Bacteroidales;f__Prevotellaceae;g__Prevotella;s__,k__Bacteria;p__Bacteroidetes;c__Bacteroidia;o__Bacteroidales;f__Prevotellaceae;g__Prevotella;s__copri,k__Bacteria;p__Bacteroidetes;c__Bacteroidia;o__Bacteroidales;f__Prevotellaceae;g__Prevotella;s__melaninogenica,k__Bacteria;p__Bacteroidetes;c__Bacteroidia;o__Bacteroidales;f__Rikenellaceae;__;__,k__Bacteria;p__Bacteroidetes;c__Bacteroidia;o__Bacteroidales;f__Rikenellaceae;g__;s__,k__Bacteria;p__Bacteroidetes;c__Bacteroidia;o__Bacteroidales;f__Rikenellaceae;g__Alistipes;s__finegoldii,k__Bacteria;p__Bacteroidetes;c__Bacteroidia;o__Bacteroidales;f__Rikenellaceae;g__Alistipes;s__indistinctus,k__Bacteria;p__Bacteroidetes;c__Bacteroidia;o__Bacteroidales;f__Rikenellaceae;g__Alistipes;s__massiliensis,k__Bacteria;p__Bacteroidetes;c__Bacteroidia;o__Bacteroidales;f__Rikenellaceae;g__Alistipes;s__onderdonkii,k__Bacteria;p__Bacteroidetes;c__Bacteroidia;o__Bacteroidales;f__Rikenellaceae;g__Alistipes;s__putredinis,k__Bacteria;p__Bacteroidetes;c__Bacteroidia;o__Bacteroidales;f__Rikenellaceae;g__human;s__gut metagenome,k__Bacteria;p__Bacteroidetes;c__Bacteroidia;o__Bacteroidales;f__S24-7;g__;s__,k__Bacteria;p__Bacteroidetes;c__Bacteroidia;o__Bacteroidales;f__[Barnesiellaceae];__;__,k__Bacteria;p__Bacteroidetes;c__Bacteroidia;o__Bacteroidales;f__[Barnesiellaceae];g__;s__,k__Bacteria;p__Bacteroidetes;c__Bacteroidia;o__Bacteroidales;f__[Odoribacteraceae];g__Butyricimonas;s__,k__Bacteria;p__Bacteroidetes;c__Bacteroidia;o__Bacteroidales;f__[Odoribacteraceae];g__Odoribacter;s__,k__Bacteria;p__Bacteroidetes;c__Bacteroidia;o__Bacteroidales;f__[Paraprevotellaceae];g__;s__,k__Bacteria;p__Bacteroidetes;c__Bacteroidia;o__Bacteroidales;f__[Paraprevotellaceae];g__Paraprevotella;s__,k__Bacteria;p__Bacteroidetes;c__Bacteroidia;o__Bacteroidales;f__[Paraprevotellaceae];g__[Prevotella];s__,k__Bacteria;p__Cyanobacteria;c__4C0d-2;o__YS2;f__;g__;s__,k__Bacteria;p__Cyanobacteria;c__Chloroplast;o__Streptophyta;f__;g__;s__,k__Bacteria;p__Firmicutes;c__Bacilli;o__Bacillales;f__Bacillaceae;g__Bacillus;__,k__Bacteria;p__Firmicutes;c__Bacilli;o__Bacillales;f__Listeriaceae;g__Listeria;__,k__Bacteria;p__Firmicutes;c__Bacilli;o__Bacillales;f__Staphylococcaceae;g__Staphylococcus;__,k__Bacteria;p__Firmicutes;c__Bacilli;o__Gemellales;f__Gemellaceae;__;__,k__Bacteria;p__Firmicutes;c__Bacilli;o__Lactobacillales;__;__;__,k__Bacteria;p__Firmicutes;c__Bacilli;o__Lactobacillales;f__Enterococcaceae;g__Enterococcus;__,k__Bacteria;p__Firmicutes;c__Bacilli;o__Lactobacillales;f__Lactobacillaceae;__;__,k__Bacteria;p__Firmicutes;c__Bacilli;o__Lactobacillales;f__Lactobacillaceae;g__Lactobacillus;__,k__Bacteria;p__Firmicutes;c__Bacilli;o__Lactobacillales;f__Lactobacillaceae;g__Lactobacillus;s__,k__Bacteria;p__Firmicutes;c__Bacilli;o__Lactobacillales;f__Lactobacillaceae;g__Lactobacillus;s__helveticus,k__Bacteria;p__Firmicutes;c__Bacilli;o__Lactobacillales;f__Lactobacillaceae;g__Lactobacillus;s__reuteri,k__Bacteria;p__Firmicutes;c__Bacilli;o__Lactobacillales;f__Lactobacillaceae;g__Lactobacillus;s__salivarius,k__Bacteria;p__Firmicutes;c__Bacilli;o__Lactobacillales;f__Lactobacillaceae;g__Lactobacillus;s__vaginalis,k__Bacteria;p__Firmicutes;c__Bacilli;o__Lactobacillales;f__Lactobacillaceae;g__Pediococcus;__,k__Bacteria;p__Firmicutes;c__Bacilli;o__Lactobacillales;f__Leuconostocaceae;g__Leuconostoc;s__,k__Bacteria;p__Firmicutes;c__Bacilli;o__Lactobacillales;f__Leuconostocaceae;g__Weissella;__,k__Bacteria;p__Firmicutes;c__Bacilli;o__Lactobacillales;f__Streptococcaceae;g__Lactococcus;s__,k__Bacteria;p__Firmicutes;c__Bacilli;o__Lactobacillales;f__Streptococcaceae;g__Streptococcus;__,k__Bacteria;p__Firmicutes;c__Bacilli;o__Lactobacillales;f__Streptococcaceae;g__Streptococcus;s__,k__Bacteria;p__Firmicutes;c__Bacilli;o__Lactobacillales;f__Streptococcaceae;g__Streptococcus;s__agalactiae,k__Bacteria;p__Firmicutes;c__Bacilli;o__Lactobacillales;f__Streptococcaceae;g__Streptococcus;s__luteciae,k__Bacteria;p__Firmicutes;c__Bacilli;o__Turicibacterales;f__Turicibacteraceae;g__Turicibacter;s__,k__Bacteria;p__Firmicutes;c__Clostridia;__;__;__;__,k__Bacteria;p__Firmicutes;c__Clostridia;o__Clostridiales;__;__;__,k__Bacteria;p__Firmicutes;c__Clostridia;o__Clostridiales;f__;g__;s__,k__Bacteria;p__Firmicutes;c__Clostridia;o__Clostridiales;f__Christensenellaceae;g__;s__,k__Bacteria;p__Firmicutes;c__Clostridia;o__Clostridiales;f__Christensenellaceae;g__Christensenella;s__,k__Bacteria;p__Firmicutes;c__Clostridia;o__Clostridiales;f__Clostridiaceae;__;__,k__Bacteria;p__Firmicutes;c__Clostridia;o__Clostridiales;f__Clostridiaceae;g__02d06;s__,k__Bacteria;p__Firmicutes;c__Clostridia;o__Clostridiales;f__Clostridiaceae;g__;s__,k__Bacteria;p__Firmicutes;c__Clostridia;o__Clostridiales;f__Clostridiaceae;g__Candidatus Arthromitus;s__,k__Bacteria;p__Firmicutes;c__Clostridia;o__Clostridiales;f__Clostridiaceae;g__Clostridium;s__,k__Bacteria;p__Firmicutes;c__Clostridia;o__Clostridiales;f__Clostridiaceae;g__Clostridium;s__butyricum,k__Bacteria;p__Firmicutes;c__Clostridia;o__Clostridiales;f__Clostridiaceae;g__Clostridium;s__celatum,k__Bacteria;p__Firmicutes;c__Clostridia;o__Clostridiales;f__Clostridiaceae;g__Clostridium;s__hiranonis,k__Bacteria;p__Firmicutes;c__Clostridia;o__Clostridiales;f__Clostridiaceae;g__Clostridium;s__paraputrificum,k__Bacteria;p__Firmicutes;c__Clostridia;o__Clostridiales;f__Clostridiaceae;g__Clostridium;s__perfringens,k__Bacteria;p__Firmicutes;c__Clostridia;o__Clostridiales;f__Clostridiaceae;g__SMB53;s__,k__Bacteria;p__Firmicutes;c__Clostridia;o__Clostridiales;f__Dehalobacteriaceae;g__Dehalobacterium;s__,k__Bacteria;p__Firmicutes;c__Clostridia;o__Clostridiales;f__EtOH8;g__;s__,k__Bacteria;p__Firmicutes;c__Clostridia;o__Clostridiales;f__Eubacteriaceae;g__Anaerofustis;s__,k__Bacteria;p__Firmicutes;c__Clostridia;o__Clostridiales;f__Eubacteriaceae;g__Pseudoramibacter_Eubacterium;s__,k__Bacteria;p__Firmicutes;c__Clostridia;o__Clostridiales;f__Lachnospiraceae;__;__,k__Bacteria;p__Firmicutes;c__Clostridia;o__Clostridiales;f__Lachnospiraceae;g__;s__,k__Bacteria;p__Firmicutes;c__Clostridia;o__Clostridiales;f__Lachnospiraceae;g__Anaerostipes;s__,k__Bacteria;p__Firmicutes;c__Clostridia;o__Clostridiales;f__Lachnospiraceae;g__Blautia;__,k__Bacteria;p__Firmicutes;c__Clostridia;o__Clostridiales;f__Lachnospiraceae;g__Blautia;s__,k__Bacteria;p__Firmicutes;c__Clostridia;o__Clostridiales;f__Lachnospiraceae;g__Blautia;s__obeum,k__Bacteria;p__Firmicutes;c__Clostridia;o__Clostridiales;f__Lachnospiraceae;g__Blautia;s__producta,k__Bacteria;p__Firmicutes;c__Clostridia;o__Clostridiales;f__Lachnospiraceae;g__Butyrivibrio;s__crossotus,k__Bacteria;p__Firmicutes;c__Clostridia;o__Clostridiales;f__Lachnospiraceae;g__Clostridium;s__aldenense,k__Bacteria;p__Firmicutes;c__Clostridia;o__Clostridiales;f__Lachnospiraceae;g__Clostridium;s__citroniae,k__Bacteria;p__Firmicutes;c__Clostridia;o__Clostridiales;f__Lachnospiraceae;g__Clostridium;s__clostridioforme,k__Bacteria;p__Firmicutes;c__Clostridia;o__Clostridiales;f__Lachnospiraceae;g__Clostridium;s__colinum,k__Bacteria;p__Firmicutes;c__Clostridia;o__Clostridiales;f__Lachnospiraceae;g__Clostridium;s__hathewayi,k__Bacteria;p__Firmicutes;c__Clostridia;o__Clostridiales;f__Lachnospiraceae;g__Clostridium;s__symbiosum,k__Bacteria;p__Firmicutes;c__Clostridia;o__Clostridiales;f__Lachnospiraceae;g__Coprococcus;s__,k__Bacteria;p__Firmicutes;c__Clostridia;o__Clostridiales;f__Lachnospiraceae;g__Coprococcus;s__catus,k__Bacteria;p__Firmicutes;c__Clostridia;o__Clostridiales;f__Lachnospiraceae;g__Coprococcus;s__eutactus,k__Bacteria;p__Firmicutes;c__Clostridia;o__Clostridiales;f__Lachnospiraceae;g__Defluviitalea;s__saccharophila,k__Bacteria;p__Firmicutes;c__Clostridia;o__Clostridiales;f__Lachnospiraceae;g__Dorea;s__,k__Bacteria;p__Firmicutes;c__Clostridia;o__Clostridiales;f__Lachnospiraceae;g__Dorea;s__formicigenerans,k__Bacteria;p__Firmicutes;c__Clostridia;o__Clostridiales;f__Lachnospiraceae;g__Dorea;s__longicatena,k__Bacteria;p__Firmicutes;c__Clostridia;o__Clostridiales;f__Lachnospiraceae;g__Epulopiscium;s__,k__Bacteria;p__Firmicutes;c__Clostridia;o__Clostridiales;f__Lachnospiraceae;g__Lachnobacterium;s__,k__Bacteria;p__Firmicutes;c__Clostridia;o__Clostridiales;f__Lachnospiraceae;g__Lachnospira;s__,k__Bacteria;p__Firmicutes;c__Clostridia;o__Clostridiales;f__Lachnospiraceae;g__Lactonifactor;s__longoviformis,k__Bacteria;p__Firmicutes;c__Clostridia;o__Clostridiales;f__Lachnospiraceae;g__Roseburia;__,k__Bacteria;p__Firmicutes;c__Clostridia;o__Clostridiales;f__Lachnospiraceae;g__Roseburia;s__,k__Bacteria;p__Firmicutes;c__Clostridia;o__Clostridiales;f__Lachnospiraceae;g__Roseburia;s__faecis,k__Bacteria;p__Firmicutes;c__Clostridia;o__Clostridiales;f__Lachnospiraceae;g__Ruminococcus;s__lactaris,k__Bacteria;p__Firmicutes;c__Clostridia;o__Clostridiales;f__Lachnospiraceae;g__[Ruminococcus];s__,k__Bacteria;p__Firmicutes;c__Clostridia;o__Clostridiales;f__Lachnospiraceae;g__[Ruminococcus];s__gnavus,k__Bacteria;p__Firmicutes;c__Clostridia;o__Clostridiales;f__Lachnospiraceae;g__[Ruminococcus];s__torques,k__Bacteria;p__Firmicutes;c__Clostridia;o__Clostridiales;f__Peptococcaceae;g__;s__,k__Bacteria;p__Firmicutes;c__Clostridia;o__Clostridiales;f__Peptococcaceae;g__Peptococcus;s__,k__Bacteria;p__Firmicutes;c__Clostridia;o__Clostridiales;f__Peptococcaceae;g__rc4-4;s__,k__Bacteria;p__Firmicutes;c__Clostridia;o__Clostridiales;f__Peptostreptococcaceae;__;__,k__Bacteria;p__Firmicutes;c__Clostridia;o__Clostridiales;f__Peptostreptococcaceae;g__Clostridium;s__bartlettii,k__Bacteria;p__Firmicutes;c__Clostridia;o__Clostridiales;f__Peptostreptococcaceae;g__Peptostreptococcus;s__,k__Bacteria;p__Firmicutes;c__Clostridia;o__Clostridiales;f__Ruminococcaceae;__;__,k__Bacteria;p__Firmicutes;c__Clostridia;o__Clostridiales;f__Ruminococcaceae;g__;s__,k__Bacteria;p__Firmicutes;c__Clostridia;o__Clostridiales;f__Ruminococcaceae;g__Anaerotruncus;s__,k__Bacteria;p__Firmicutes;c__Clostridia;o__Clostridiales;f__Ruminococcaceae;g__Butyricicoccus;s__pullicaecorum,k__Bacteria;p__Firmicutes;c__Clostridia;o__Clostridiales;f__Ruminococcaceae;g__Faecalibacterium;__,k__Bacteria;p__Firmicutes;c__Clostridia;o__Clostridiales;f__Ruminococcaceae;g__Faecalibacterium;s__prausnitzii,k__Bacteria;p__Firmicutes;c__Clostridia;o__Clostridiales;f__Ruminococcaceae;g__Gemmiger;s__formicilis,k__Bacteria;p__Firmicutes;c__Clostridia;o__Clostridiales;f__Ruminococcaceae;g__Oscillospira;s__,k__Bacteria;p__Firmicutes;c__Clostridia;o__Clostridiales;f__Ruminococcaceae;g__Oscillospira;s__guilliermondii,k__Bacteria;p__Firmicutes;c__Clostridia;o__Clostridiales;f__Ruminococcaceae;g__Ruminococcus;s__,k__Bacteria;p__Firmicutes;c__Clostridia;o__Clostridiales;f__Ruminococcaceae;g__Ruminococcus;s__albus,k__Bacteria;p__Firmicutes;c__Clostridia;o__Clostridiales;f__Ruminococcaceae;g__Ruminococcus;s__bromii,k__Bacteria;p__Firmicutes;c__Clostridia;o__Clostridiales;f__Ruminococcaceae;g__Ruminococcus;s__callidus,k__Bacteria;p__Firmicutes;c__Clostridia;o__Clostridiales;f__Veillonellaceae;g__;s__,k__Bacteria;p__Firmicutes;c__Clostridia;o__Clostridiales;f__Veillonellaceae;g__Acidaminococcus;s__,k__Bacteria;p__Firmicutes;c__Clostridia;o__Clostridiales;f__Veillonellaceae;g__Dialister;s__,k__Bacteria;p__Firmicutes;c__Clostridia;o__Clostridiales;f__Veillonellaceae;g__Megamonas;s__,k__Bacteria;p__Firmicutes;c__Clostridia;o__Clostridiales;f__Veillonellaceae;g__Megasphaera;s__,k__Bacteria;p__Firmicutes;c__Clostridia;o__Clostridiales;f__Veillonellaceae;g__Phascolarctobacterium;s__,k__Bacteria;p__Firmicutes;c__Clostridia;o__Clostridiales;f__Veillonellaceae;g__Schwartzia;s__,k__Bacteria;p__Firmicutes;c__Clostridia;o__Clostridiales;f__Veillonellaceae;g__Succiniclasticum;s__,k__Bacteria;p__Firmicutes;c__Clostridia;o__Clostridiales;f__Veillonellaceae;g__Veillonella;s__,k__Bacteria;p__Firmicutes;c__Clostridia;o__Clostridiales;f__Veillonellaceae;g__Veillonella;s__dispar,k__Bacteria;p__Firmicutes;c__Clostridia;o__Clostridiales;f__Veillonellaceae;g__Veillonella;s__parvula,k__Bacteria;p__Firmicutes;c__Clostridia;o__Clostridiales;f__[Mogibacteriaceae];g__;s__,k__Bacteria;p__Firmicutes;c__Clostridia;o__Clostridiales;f__[Mogibacteriaceae];g__Mogibacterium;s__,k__Bacteria;p__Firmicutes;c__Clostridia;o__Clostridiales;f__[Tissierellaceae];g__Anaerococcus;s__,k__Bacteria;p__Firmicutes;c__Clostridia;o__Clostridiales;f__[Tissierellaceae];g__Parvimonas;s__,k__Bacteria;p__Firmicutes;c__Erysipelotrichi;o__Erysipelotrichales;f__Erysipelotrichaceae;g__;s__,k__Bacteria;p__Firmicutes;c__Erysipelotrichi;o__Erysipelotrichales;f__Erysipelotrichaceae;g__Bulleidia;s__,k__Bacteria;p__Firmicutes;c__Erysipelotrichi;o__Erysipelotrichales;f__Erysipelotrichaceae;g__Catenibacterium;s__,k__Bacteria;p__Firmicutes;c__Erysipelotrichi;o__Erysipelotrichales;f__Erysipelotrichaceae;g__Clostridium;__,k__Bacteria;p__Firmicutes;c__Erysipelotrichi;o__Erysipelotrichales;f__Erysipelotrichaceae;g__Clostridium;s__ramosum,k__Bacteria;p__Firmicutes;c__Erysipelotrichi;o__Erysipelotrichales;f__Erysipelotrichaceae;g__Clostridium;s__spiroforme,k__Bacteria;p__Firmicutes;c__Erysipelotrichi;o__Erysipelotrichales;f__Erysipelotrichaceae;g__Coprobacillus;s__,k__Bacteria;p__Firmicutes;c__Erysipelotrichi;o__Erysipelotrichales;f__Erysipelotrichaceae;g__Coprobacillus;s__cateniformis,k__Bacteria;p__Firmicutes;c__Erysipelotrichi;o__Erysipelotrichales;f__Erysipelotrichaceae;g__Holdemania;s__,k__Bacteria;p__Firmicutes;c__Erysipelotrichi;o__Erysipelotrichales;f__Erysipelotrichaceae;g__[Eubacterium];s__,k__Bacteria;p__Firmicutes;c__Erysipelotrichi;o__Erysipelotrichales;f__Erysipelotrichaceae;g__[Eubacterium];s__biforme,k__Bacteria;p__Firmicutes;c__Erysipelotrichi;o__Erysipelotrichales;f__Erysipelotrichaceae;g__[Eubacterium];s__cylindroides,k__Bacteria;p__Firmicutes;c__Erysipelotrichi;o__Erysipelotrichales;f__Erysipelotrichaceae;g__[Eubacterium];s__dolichum,k__Bacteria;p__Firmicutes;c__Erysipelotrichi;o__Erysipelotrichales;f__Erysipelotrichaceae;g__cc_115;s__,k__Bacteria;p__Fusobacteria;c__Fusobacteriia;o__Fusobacteriales;f__Fusobacteriaceae;__;__,k__Bacteria;p__Fusobacteria;c__Fusobacteriia;o__Fusobacteriales;f__Fusobacteriaceae;g__;s__,k__Bacteria;p__Fusobacteria;c__Fusobacteriia;o__Fusobacteriales;f__Fusobacteriaceae;g__Fusobacterium;s__,k__Bacteria;p__Lentisphaerae;c__[Lentisphaeria];o__Victivallales;f__Victivallaceae;g__;s__,k__Bacteria;p__Lentisphaerae;c__[Lentisphaeria];o__Victivallales;f__Victivallaceae;g__Victivallis;s__vadensis,k__Bacteria;p__Proteobacteria;c__Alphaproteobacteria;o__RF32;f__;g__;s__,k__Bacteria;p__Proteobacteria;c__Alphaproteobacteria;o__Rhizobiales;f__Methylobacteriaceae;g__Methylobacterium;__,k__Bacteria;p__Proteobacteria;c__Alphaproteobacteria;o__Rhodobacterales;f__Rhodobacteraceae;g__Rhodobacter;s__sphaeroides,k__Bacteria;p__Proteobacteria;c__Betaproteobacteria;o__Burkholderiales;f__Alcaligenaceae;g__Sutterella;s__,k__Bacteria;p__Proteobacteria;c__Betaproteobacteria;o__Burkholderiales;f__Oxalobacteraceae;g__Oxalobacter;s__formigenes,k__Bacteria;p__Proteobacteria;c__Betaproteobacteria;o__Neisseriales;f__Neisseriaceae;g__Neisseria;s__cinerea,k__Bacteria;p__Proteobacteria;c__Deltaproteobacteria;o__Desulfovibrionales;f__Desulfovibrionaceae;g__;s__,k__Bacteria;p__Proteobacteria;c__Deltaproteobacteria;o__Desulfovibrionales;f__Desulfovibrionaceae;g__Bilophila;s__,k__Bacteria;p__Proteobacteria;c__Deltaproteobacteria;o__Desulfovibrionales;f__Desulfovibrionaceae;g__Desulfovibrio;s__,k__Bacteria;p__Proteobacteria;c__Deltaproteobacteria;o__Desulfovibrionales;f__Desulfovibrionaceae;g__Desulfovibrio;s__D168,k__Bacteria;p__Proteobacteria;c__Epsilonproteobacteria;o__Campylobacterales;f__Campylobacteraceae;g__Campylobacter;s__,k__Bacteria;p__Proteobacteria;c__Gammaproteobacteria;o__Enterobacteriales;f__Enterobacteriaceae;__;__,k__Bacteria;p__Proteobacteria;c__Gammaproteobacteria;o__Enterobacteriales;f__Enterobacteriaceae;g__Proteus;s__,k__Bacteria;p__Proteobacteria;c__Gammaproteobacteria;o__Enterobacteriales;f__Enterobacteriaceae;g__Serratia;s__,k__Bacteria;p__Proteobacteria;c__Gammaproteobacteria;o__Enterobacteriales;f__Enterobacteriaceae;g__Shigella;__,k__Bacteria;p__Proteobacteria;c__Gammaproteobacteria;o__Pasteurellales;f__Pasteurellaceae;g__Aggregatibacter;s__,k__Bacteria;p__Proteobacteria;c__Gammaproteobacteria;o__Pasteurellales;f__Pasteurellaceae;g__Haemophilus;s__parainfluenzae,k__Bacteria;p__Proteobacteria;c__Gammaproteobacteria;o__Pseudomonadales;f__Moraxellaceae;g__Acinetobacter;s__guillouiae,k__Bacteria;p__Proteobacteria;c__Gammaproteobacteria;o__Pseudomonadales;f__Pseudomonadaceae;g__Pseudomonas;s__,k__Bacteria;p__Proteobacteria;c__Gammaproteobacteria;o__Pseudomonadales;f__Pseudomonadaceae;g__Pseudomonas;s__veronii,k__Bacteria;p__Synergistetes;c__Synergistia;o__Synergistales;f__Synergistaceae;g__Cloacibacillus;s__,k__Bacteria;p__Synergistetes;c__Synergistia;o__Synergistales;f__Synergistaceae;g__Synergistes;s__,k__Bacteria;p__Tenericutes;c__Mollicutes;o__RF39;f__;g__;s__,k__Bacteria;p__Tenericutes;c__RF3;o__ML615J-28;f__;g__;s__,k__Bacteria;p__Verrucomicrobia;c__Verrucomicrobiae;o__Verrucomicrobiales;f__Verrucomicrobiaceae;g__Akkermansia;s__muciniphila,k__Bacteria;p__[Thermi];c__Deinococci;o__Deinococcales;f__Deinococcaceae;g__Deinococcus;s__,injection_order,lane,fragment,age,sex,height,weight,status,group
Cancer1,0.0,0.0,12.0,0.0,0.0,0.0,0.0,0.0,62.0,18.0,0.0,13.0,0.0,4.0,0.0,22.0,0.0,0.0,0.0,0.0,0.0,0.0,66.0,1546.0,0.0,49.0,0.0,101.0,477.0,0.0,747.0,0.0,0.0,60.0,0.0,0.0,0.0,0.0,0.0,0.0,0.0,10.0,94.0,29.0,0.0,28.0,101.0,0.0,6.0,0.0,5.0,11.0,41.0,0.0,0.0,0.0,0.0,0.0,9.0,11.0,23.0,2.0,0.0,11.0,0.0,0.0,0.0,0.0,0.0,0.0,0.0,0.0,0.0,0.0,0.0,0.0,74.0,0.0,0.0,0.0,0.0,49.0,288.0,10.0,0.0,0.0,7.0,0.0,0.0,20.0,36.0,0.0,0.0,0.0,0.0,0.0,12.0,2.0,0.0,0.0,140.0,107.0,21.0,0.0,427.0,29.0,20.0,0.0,0.0,0.0,58.0,0.0,0.0,0.0,181.0,6.0,0.0,0.0,57.0,9.0,0.0,0.0,0.0,47.0,0.0,0.0,94.0,194.0,0.0,56.0,0.0,0.0,0.0,0.0,0.0,0.0,0.0,0.0,172.0,1363.0,0.0,0.0,0.0,231.0,25.0,322.0,0.0,35.0,0.0,236.0,0.0,0.0,0.0,0.0,0.0,0.0,265.0,0.0,0.0,0.0,23.0,43.0,24.0,2.0,0.0,0.0,53.0,0.0,0.0,0.0,0.0,4.0,0.0,0.0,0.0,0.0,0.0,0.0,0.0,0.0,0.0,0.0,0.0,0.0,2.0,0.0,0.0,3.0,21.0,0.0,18.0,0.0,3.0,15.0,0.0,0.0,38.0,0.0,0.0,0.0,0.0,30.0,12.0,8.0,0.0,0.0,0.0,82.0,0.0,243.0,17.0,9.0,2.0,V4,70.0,male,167.0,65.0,cancer,case
Cancer2,1184.0,0.0,14.0,0.0,0.0,0.0,0.0,0.0,0.0,0.0,0.0,64.0,0.0,0.0,0.0,49.0,0.0,0.0,0.0,0.0,0.0,96.0,83.0,548.0,0.0,74.0,0.0,101.0,16.0,0.0,175.0,0.0,113.0,38.0,0.0,100.0,0.0,503.0,0.0,0.0,0.0,57.0,17.0,0.0,0.0,38.0,75.0,0.0,27.0,0.0,3.0,0.0,42.0,255.0,0.0,0.0,0.0,0.0,0.0,6.0,23.0,0.0,0.0,7.0,0.0,0.0,3.0,0.0,0.0,0.0,0.0,0.0,0.0,0.0,0.0,11.0,213.0,0.0,0.0,0.0,0.0,0.0,139.0,5.0,10.0,0.0,0.0,0.0,0.0,62.0,24.0,3.0,0.0,0.0,0.0,0.0,10.0,0.0,0.0,0.0,476.0,32.0,0.0,0.0,775.0,0.0,0.0,0.0,0.0,0.0,247.0,0.0,0.0,0.0,178.0,0.0,0.0,0.0,103.0,17.0,0.0,0.0,17.0,35.0,0.0,91.0,0.0,459.0,0.0,16.0,18.0,26.0,0.0,0.0,5.0,0.0,0.0,0.0,74.0,167.0,0.0,0.0,0.0,1024.0,0.0,337.0,0.0,509.0,0.0,0.0,0.0,0.0,0.0,0.0,0.0,0.0,33.0,0.0,0.0,0.0,0.0,11.0,14.0,0.0,0.0,0.0,28.0,0.0,0.0,2.0,0.0,0.0,0.0,0.0,0.0,0.0,0.0,0.0,0.0,0.0,0.0,0.0,0.0,0.0,0.0,4.0,0.0,2.0,0.0,0.0,10.0,0.0,2.0,0.0,0.0,0.0,34.0,0.0,0.0,0.0,0.0,127.0,6.0,4.0,0.0,0.0,0.0,0.0,0.0,0.0,17.0,10.0,2.0,V4,59.0,male,175.0,88.0,cancer,case
Cancer3,0.0,0.0,11.0,0.0,0.0,0.0,0.0,0.0,111.0,0.0,0.0,24.0,0.0,0.0,0.0,248.0,0.0,0.0,0.0,0.0,0.0,0.0,0.0,310.0,103.0,0.0,0.0,0.0,0.0,0.0,64.0,0.0,40.0,23.0,0.0,0.0,0.0,5.0,0.0,0.0,0.0,6.0,0.0,10.0,0.0,0.0,77.0,0.0,213.0,4.0,0.0,0.0,0.0,0.0,231.0,0.0,0.0,0.0,0.0,0.0,0.0,0.0,0.0,0.0,0.0,6.0,0.0,0.0,0.0,0.0,0.0,0.0,0.0,0.0,0.0,0.0,25.0,0.0,0.0,0.0,0.0,71.0,323.0,0.0,0.0,0.0,0.0,264.0,3.0,44.0,0.0,0.0,0.0,0.0,0.0,0.0,0.0,0.0,0.0,0.0,371.0,195.0,29.0,73.0,1969.0,20.0,126.0,0.0,0.0,0.0,656.0,0.0,0.0,0.0,312.0,11.0,0.0,2.0,90.0,33.0,0.0,0.0,0.0,8.0,0.0,203.0,234.0,371.0,0.0,60.0,0.0,0.0,0.0,0.0,7.0,0.0,0.0,0.0,72.0,38.0,0.0,0.0,0.0,571.0,39.0,22.0,0.0,415.0,0.0,0.0,0.0,0.0,10.0,0.0,41.0,170.0,68.0,0.0,0.0,0.0,0.0,0.0,10.0,14.0,0.0,0.0,28.0,0.0,0.0,4.0,0.0,0.0,0.0,0.0,0.0,0.0,145.0,0.0,5.0,0.0,0.0,9.0,0.0,0.0,0.0,0.0,0.0,0.0,4.0,0.0,0.0,0.0,0.0,0.0,0.0,0.0,22.0,0.0,0.0,0.0,0.0,2.0,0.0,4.0,0.0,0.0,0.0,2.0,0.0,250.0,0.0,11.0,2.0,V4,69.0,male,185.0,95.0,cancer,case
Cancer4,425.0,0.0,12.0,0.0,0.0,0.0,112.0,0.0,0.0,0.0,0.0,114.0,0.0,0.0,0.0,494.0,0.0,0.0,0.0,85.0,0.0,0.0,72.0,96.0,0.0,0.0,0.0,0.0,38.0,0.0,82.0,0.0,44.0,37.0,28.0,0.0,0.0,0.0,0.0,0.0,0.0,16.0,16.0,67.0,0.0,37.0,103.0,0.0,75.0,0.0,0.0,0.0,8.0,0.0,0.0,0.0,0.0,0.0,0.0,0.0,0.0,0.0,0.0,0.0,0.0,0.0,0.0,0.0,0.0,0.0,0.0,0.0,0.0,0.0,0.0,0.0,17.0,0.0,0.0,101.0,0.0,243.0,319.0,160.0,0.0,0.0,0.0,223.0,0.0,4.0,0.0,432.0,0.0,0.0,0.0,146.0,11.0,0.0,0.0,4.0,80.0,481.0,23.0,18.0,730.0,693.0,0.0,0.0,0.0,0.0,99.0,0.0,0.0,0.0,508.0,28.0,30.0,9.0,213.0,35.0,0.0,0.0,0.0,33.0,0.0,0.0,48.0,109.0,0.0,196.0,16.0,284.0,0.0,0.0,0.0,92.0,0.0,0.0,84.0,455.0,0.0,0.0,0.0,46.0,86.0,296.0,0.0,220.0,0.0,0.0,54.0,0.0,20.0,0.0,0.0,0.0,19.0,0.0,0.0,0.0,3.0,0.0,101.0,0.0,0.0,0.0,0.0,0.0,0.0,0.0,10.0,12.0,5.0,0.0,0.0,12.0,0.0,0.0,11.0,8.0,0.0,0.0,0.0,0.0,0.0,0.0,0.0,0.0,0.0,0.0,0.0,0.0,2.0,14.0,0.0,0.0,14.0,0.0,0.0,0.0,0.0,0.0,0.0,0.0,0.0,0.0,0.0,50.0,0.0,3.0,0.0,12.0,2.0,V4,88.0,male,185.0,90.0,cancer,case
Cancer5,0.0,0.0,0.0,0.0,0.0,0.0,0.0,0.0,221.0,0.0,0.0,16.0,0.0,0.0,0.0,177.0,0.0,0.0,0.0,17.0,0.0,0.0,197.0,1022.0,0.0,112.0,0.0,7.0,271.0,167.0,495.0,0.0,323.0,65.0,0.0,0.0,0.0,177.0,0.0,0.0,0.0,25.0,0.0,9.0,0.0,147.0,56.0,0.0,364.0,0.0,0.0,6.0,4.0,19.0,1129.0,0.0,0.0,0.0,0.0,0.0,0.0,3.0,0.0,0.0,0.0,0.0,0.0,0.0,0.0,0.0,0.0,0.0,0.0,0.0,0.0,0.0,0.0,0.0,0.0,0.0,0.0,0.0,17.0,0.0,0.0,0.0,0.0,0.0,0.0,23.0,0.0,0.0,0.0,0.0,0.0,0.0,0.0,0.0,0.0,0.0,91.0,24.0,0.0,5.0,1153.0,0.0,16.0,0.0,0.0,12.0,84.0,0.0,0.0,4.0,424.0,11.0,0.0,0.0,145.0,0.0,0.0,0.0,0.0,0.0,0.0,0.0,197.0,55.0,0.0,0.0,17.0,35.0,0.0,0.0,0.0,0.0,0.0,0.0,22.0,0.0,0.0,0.0,0.0,367.0,0.0,62.0,0.0,81.0,0.0,0.0,0.0,0.0,0.0,0.0,0.0,0.0,685.0,0.0,0.0,0.0,0.0,0.0,9.0,0.0,0.0,0.0,0.0,0.0,0.0,0.0,0.0,0.0,0.0,0.0,4.0,0.0,0.0,0.0,0.0,0.0,0.0,0.0,0.0,0.0,0.0,0.0,0.0,0.0,31.0,0.0,0.0,0.0,28.0,71.0,0.0,0.0,10.0,0.0,0.0,0.0,0.0,0.0,0.0,0.0,0.0,0.0,0.0,0.0,0.0,37.0,0.0,13.0,2.0,V4,37.0,male,177.0,110.0,cancer,case
Cancer6,875.0,0.0,0.0,0.0,0.0,0.0,17.0,36.0,0.0,0.0,0.0,33.0,0.0,0.0,0.0,9.0,0.0,0.0,0.0,0.0,0.0,0.0,136.0,298.0,0.0,58.0,0.0,0.0,85.0,117.0,0.0,0.0,214.0,34.0,0.0,0.0,0.0,1307.0,472.0,0.0,0.0,31.0,73.0,52.0,0.0,0.0,147.0,0.0,0.0,0.0,207.0,26.0,19.0,0.0,180.0,0.0,0.0,0.0,0.0,0.0,0.0,0.0,0.0,0.0,0.0,0.0,0.0,0.0,0.0,0.0,0.0,0.0,0.0,0.0,0.0,0.0,24.0,0.0,0.0,14.0,0.0,19.0,185.0,12.0,0.0,0.0,39.0,14.0,0.0,13.0,0.0,11.0,0.0,0.0,0.0,8.0,0.0,0.0,0.0,0.0,149.0,58.0,9.0,0.0,290.0,219.0,0.0,0.0,0.0,0.0,56.0,0.0,0.0,0.0,177.0,0.0,167.0,0.0,17.0,0.0,0.0,0.0,0.0,29.0,0.0,0.0,82.0,133.0,24.0,29.0,0.0,13.0,0.0,31.0,0.0,4.0,0.0,0.0,234.0,150.0,0.0,0.0,0.0,303.0,112.0,254.0,0.0,62.0,0.0,32.0,20.0,0.0,0.0,0.0,0.0,0.0,137.0,0.0,0.0,0.0,5.0,0.0,9.0,0.0,0.0,0.0,16.0,3.0,11.0,0.0,0.0,0.0,0.0,0.0,0.0,0.0,0.0,0.0,0.0,0.0,0.0,0.0,0.0,0.0,0.0,0.0,0.0,0.0,0.0,0.0,4.0,0.0,4.0,0.0,0.0,0.0,192.0,0.0,23.0,0.0,0.0,0.0,0.0,0.0,0.0,16.0,9.0,101.0,0.0,1114.0,0.0,14.0,2.0,V4,69.0,male,180.0,85.0,cancer,case
Cancer7,0.0,0.0,0.0,0.0,0.0,0.0,0.0,0.0,68.0,0.0,0.0,0.0,0.0,0.0,0.0,234.0,0.0,0.0,0.0,0.0,0.0,0.0,33.0,224.0,0.0,0.0,0.0,7.0,0.0,0.0,0.0,0.0,0.0,31.0,0.0,0.0,0.0,0.0,0.0,0.0,0.0,4.0,0.0,0.0,0.0,0.0,0.0,0.0,43.0,0.0,2.0,0.0,0.0,0.0,0.0,0.0,0.0,0.0,0.0,0.0,0.0,0.0,0.0,0.0,0.0,0.0,0.0,0.0,0.0,0.0,0.0,0.0,0.0,0.0,0.0,0.0,218.0,0.0,0.0,0.0,0.0,6.0,14.0,0.0,0.0,0.0,0.0,0.0,0.0,0.0,0.0,0.0,0.0,0.0,0.0,0.0,0.0,0.0,0.0,0.0,80.0,45.0,0.0,170.0,413.0,0.0,62.0,0.0,0.0,4.0,0.0,0.0,0.0,0.0,282.0,0.0,0.0,0.0,251.0,27.0,0.0,0.0,0.0,0.0,0.0,0.0,0.0,0.0,0.0,7.0,157.0,22.0,0.0,0.0,0.0,0.0,0.0,0.0,20.0,0.0,0.0,0.0,0.0,0.0,0.0,0.0,0.0,36.0,0.0,0.0,0.0,0.0,0.0,0.0,0.0,0.0,0.0,0.0,0.0,0.0,0.0,0.0,0.0,0.0,0.0,0.0,0.0,0.0,0.0,0.0,4.0,0.0,0.0,0.0,0.0,0.0,0.0,0.0,17.0,0.0,755.0,3863.0,0.0,0.0,0.0,0.0,0.0,0.0,0.0,0.0,0.0,0.0,23.0,0.0,0.0,0.0,1176.0,0.0,0.0,0.0,0.0,0.0,0.0,2.0,0.0,0.0,0.0,0.0,0.0,16.0,0.0,15.0,2.0,V4,74.0,female,157.0,79.0,cancer,case
Cancer8,0.0,0.0,9.0,0.0,0.0,0.0,217.0,37.0,535.0,177.0,0.0,3.0,0.0,0.0,0.0,541.0,0.0,0.0,13.0,0.0,0.0,0.0,0.0,194.0,22.0,0.0,0.0,149.0,91.0,0.0,23.0,0.0,0.0,90.0,0.0,0.0,0.0,5.0,0.0,2.0,0.0,10.0,0.0,0.0,0.0,0.0,0.0,0.0,116.0,0.0,0.0,0.0,13.0,0.0,2.0,0.0,0.0,0.0,0.0,0.0,0.0,0.0,0.0,0.0,0.0,0.0,0.0,0.0,0.0,13.0,0.0,0.0,0.0,0.0,0.0,0.0,95.0,0.0,0.0,0.0,0.0,202.0,10.0,0.0,3.0,0.0,0.0,0.0,0.0,0.0,0.0,0.0,0.0,0.0,0.0,0.0,0.0,0.0,4.0,0.0,437.0,15.0,0.0,14.0,911.0,143.0,58.0,0.0,0.0,12.0,284.0,2.0,13.0,0.0,440.0,0.0,0.0,0.0,340.0,52.0,0.0,0.0,0.0,0.0,0.0,30.0,55.0,594.0,0.0,363.0,50.0,81.0,0.0,0.0,0.0,45.0,0.0,0.0,23.0,81.0,0.0,0.0,0.0,190.0,127.0,80.0,0.0,139.0,0.0,23.0,0.0,30.0,29.0,124.0,0.0,413.0,0.0,0.0,0.0,0.0,0.0,0.0,14.0,0.0,0.0,0.0,33.0,0.0,305.0,0.0,0.0,7.0,0.0,0.0,3.0,0.0,0.0,0.0,0.0,0.0,0.0,7.0,0.0,0.0,0.0,0.0,0.0,0.0,0.0,0.0,0.0,0.0,0.0,0.0,85.0,0.0,246.0,0.0,0.0,0.0,0.0,0.0,0.0,0.0,0.0,0.0,0.0,0.0,0.0,20.0,0.0,16.0,2.0,V4,56.0,male,175.0,100.0,cancer,case
Healthy1,0.0,0.0,0.0,0.0,0.0,0.0,0.0,0.0,0.0,0.0,0.0,0.0,14.0,0.0,0.0,0.0,0.0,0.0,0.0,0.0,0.0,0.0,1360.0,831.0,0.0,0.0,0.0,0.0,194.0,0.0,0.0,0.0,0.0,0.0,0.0,0.0,0.0,0.0,4.0,0.0,0.0,0.0,0.0,0.0,0.0,0.0,0.0,0.0,0.0,0.0,0.0,0.0,0.0,0.0,0.0,0.0,0.0,10.0,0.0,0.0,0.0,0.0,0.0,0.0,0.0,0.0,0.0,0.0,0.0,0.0,0.0,0.0,0.0,0.0,0.0,0.0,30.0,0.0,0.0,0.0,0.0,22.0,16.0,25.0,0.0,0.0,0.0,0.0,0.0,153.0,0.0,0.0,0.0,0.0,0.0,0.0,0.0,0.0,0.0,0.0,826.0,270.0,14.0,0.0,413.0,92.0,0.0,0.0,0.0,0.0,91.0,0.0,0.0,0.0,278.0,13.0,51.0,0.0,72.0,19.0,0.0,0.0,59.0,112.0,0.0,0.0,163.0,95.0,33.0,31.0,0.0,0.0,0.0,0.0,0.0,0.0,0.0,0.0,388.0,461.0,0.0,0.0,0.0,453.0,130.0,102.0,0.0,440.0,0.0,66.0,0.0,5.0,0.0,108.0,0.0,0.0,0.0,0.0,0.0,0.0,28.0,12.0,4.0,0.0,0.0,0.0,57.0,0.0,0.0,10.0,0.0,0.0,0.0,0.0,0.0,0.0,0.0,0.0,0.0,0.0,0.0,0.0,0.0,0.0,0.0,0.0,0.0,0.0,0.0,0.0,0.0,0.0,0.0,0.0,0.0,0.0,0.0,0.0,0.0,0.0,0.0,6.0,0.0,0.0,0.0,0.0,0.0,78.0,0.0,1483.0,0.0,9.0,2.0,V4,65.0,female,167.0,60.0,healthy,control
Healthy2,0.0,0.0,0.0,0.0,0.0,0.0,0.0,0.0,0.0,0.0,0.0,0.0,0.0,0.0,0.0,0.0,0.0,0.0,0.0,0.0,0.0,0.0,268.0,0.0,0.0,0.0,0.0,32.0,26.0,0.0,0.0,0.0,0.0,0.0,62.0,0.0,0.0,0.0,0.0,0.0,0.0,0.0,11.0,0.0,0.0,0.0,0.0,0.0,31.0,0.0,0.0,0.0,0.0,0.0,0.0,0.0,0.0,8.0,0.0,0.0,0.0,0.0,0.0,261.0,0.0,0.0,0.0,0.0,0.0,0.0,0.0,0.0,0.0,0.0,0.0,0.0,0.0,0.0,0.0,36.0,0.0,1390.0,1363.0,15.0,0.0,0.0,0.0,48.0,0.0,83.0,0.0,188.0,0.0,0.0,0.0,525.0,5.0,0.0,0.0,0.0,235.0,229.0,0.0,0.0,195.0,25.0,16.0,0.0,0.0,0.0,99.0,0.0,0.0,0.0,503.0,17.0,0.0,2.0,16.0,11.0,0.0,0.0,13.0,59.0,0.0,178.0,64.0,367.0,0.0,0.0,7.0,13.0,0.0,0.0,0.0,336.0,0.0,0.0,367.0,77.0,0.0,0.0,0.0,616.0,94.0,154.0,0.0,161.0,0.0,62.0,0.0,0.0,0.0,0.0,0.0,0.0,0.0,0.0,0.0,0.0,106.0,71.0,50.0,0.0,0.0,0.0,15.0,0.0,0.0,2.0,0.0,0.0,0.0,0.0,0.0,0.0,0.0,0.0,0.0,0.0,0.0,0.0,0.0,0.0,0.0,0.0,0.0,0.0,18.0,0.0,0.0,0.0,0.0,0.0,0.0,0.0,17.0,0.0,0.0,0.0,0.0,51.0,0.0,0.0,0.0,0.0,0.0,89.0,0.0,525.0,0.0,10.0,2.0,V4,69.0,female,157.0,46.0,healthy,control
Healthy3,2.0,0.0,17.0,0.0,0.0,0.0,51.0,31.0,0.0,0.0,0.0,0.0,0.0,0.0,0.0,247.0,0.0,0.0,0.0,0.0,0.0,0.0,108.0,175.0,19.0,81.0,0.0,12.0,184.0,0.0,38.0,0.0,0.0,0.0,0.0,0.0,0.0,0.0,0.0,0.0,25.0,8.0,16.0,0.0,0.0,0.0,0.0,0.0,106.0,0.0,17.0,0.0,5.0,0.0,0.0,0.0,0.0,0.0,0.0,0.0,0.0,0.0,7.0,0.0,9.0,0.0,0.0,0.0,0.0,0.0,0.0,0.0,12.0,0.0,0.0,11.0,24.0,0.0,0.0,16.0,0.0,13.0,327.0,0.0,0.0,0.0,0.0,0.0,0.0,33.0,0.0,15.0,0.0,0.0,0.0,0.0,0.0,0.0,0.0,0.0,630.0,404.0,31.0,9.0,1527.0,249.0,442.0,0.0,0.0,0.0,753.0,10.0,0.0,0.0,398.0,10.0,0.0,0.0,156.0,44.0,0.0,0.0,0.0,16.0,0.0,0.0,24.0,496.0,0.0,319.0,0.0,0.0,0.0,0.0,2.0,0.0,0.0,0.0,62.0,108.0,0.0,0.0,0.0,385.0,139.0,63.0,0.0,123.0,0.0,0.0,0.0,0.0,17.0,222.0,0.0,0.0,0.0,0.0,0.0,0.0,0.0,4.0,23.0,0.0,0.0,0.0,58.0,0.0,0.0,0.0,0.0,11.0,0.0,0.0,0.0,0.0,202.0,0.0,0.0,0.0,0.0,0.0,0.0,0.0,0.0,13.0,0.0,0.0,7.0,0.0,0.0,0.0,2.0,0.0,0.0,0.0,384.0,0.0,0.0,0.0,0.0,36.0,0.0,0.0,0.0,0.0,0.0,0.0,0.0,0.0,0.0,11.0,2.0,V4,54.0,male,177.0,99.0,healthy,control
Healthy4,0.0,0.0,4.0,0.0,0.0,0.0,82.0,0.0,0.0,0.0,0.0,2.0,20.0,0.0,0.0,7.0,0.0,0.0,0.0,0.0,0.0,0.0,123.0,368.0,39.0,15.0,0.0,12.0,31.0,0.0,126.0,25.0,10.0,0.0,0.0,0.0,0.0,0.0,0.0,0.0,0.0,0.0,0.0,0.0,0.0,0.0,10.0,0.0,244.0,0.0,0.0,0.0,81.0,0.0,0.0,0.0,0.0,0.0,0.0,0.0,0.0,0.0,0.0,0.0,0.0,0.0,0.0,0.0,0.0,0.0,0.0,0.0,0.0,6.0,0.0,0.0,26.0,0.0,0.0,108.0,0.0,1062.0,46.0,0.0,0.0,0.0,0.0,182.0,10.0,14.0,0.0,360.0,0.0,0.0,0.0,0.0,0.0,0.0,2.0,0.0,485.0,204.0,14.0,0.0,886.0,120.0,0.0,0.0,0.0,0.0,401.0,0.0,0.0,0.0,510.0,45.0,0.0,0.0,238.0,21.0,0.0,0.0,0.0,9.0,0.0,0.0,48.0,205.0,62.0,248.0,14.0,0.0,0.0,0.0,0.0,567.0,0.0,0.0,214.0,34.0,0.0,0.0,0.0,594.0,177.0,71.0,0.0,126.0,0.0,24.0,22.0,0.0,0.0,56.0,0.0,0.0,2.0,0.0,0.0,0.0,2.0,0.0,22.0,0.0,3.0,0.0,29.0,0.0,0.0,0.0,4.0,15.0,0.0,0.0,0.0,0.0,263.0,0.0,0.0,0.0,0.0,0.0,0.0,0.0,0.0,0.0,0.0,0.0,17.0,0.0,0.0,0.0,0.0,0.0,0.0,0.0,33.0,0.0,0.0,0.0,0.0,0.0,0.0,3.0,0.0,0.0,0.0,0.0,0.0,121.0,0.0,12.0,2.0,V4,44.0,female,152.0,60.0,healthy,control
Healthy5,2.0,0.0,0.0,0.0,0.0,0.0,296.0,416.0,0.0,0.0,20.0,0.0,0.0,0.0,0.0,159.0,0.0,8.0,0.0,26.0,0.0,0.0,64.0,160.0,0.0,11.0,9.0,0.0,26.0,0.0,88.0,0.0,18.0,10.0,0.0,0.0,0.0,0.0,0.0,0.0,0.0,6.0,11.0,25.0,0.0,0.0,63.0,0.0,32.0,10.0,0.0,0.0,0.0,0.0,68.0,0.0,0.0,0.0,0.0,0.0,0.0,0.0,0.0,0.0,0.0,0.0,0.0,0.0,0.0,0.0,0.0,0.0,0.0,0.0,0.0,0.0,311.0,0.0,0.0,73.0,0.0,25.0,123.0,31.0,11.0,0.0,0.0,0.0,6.0,65.0,0.0,0.0,0.0,0.0,0.0,0.0,29.0,0.0,9.0,70.0,221.0,630.0,26.0,11.0,497.0,36.0,18.0,0.0,0.0,4.0,13.0,0.0,0.0,0.0,573.0,0.0,8.0,0.0,47.0,15.0,0.0,0.0,133.0,156.0,0.0,92.0,12.0,27.0,0.0,47.0,21.0,40.0,0.0,0.0,0.0,0.0,0.0,0.0,164.0,166.0,0.0,0.0,3.0,1097.0,0.0,541.0,0.0,582.0,0.0,278.0,0.0,0.0,0.0,0.0,0.0,0.0,741.0,0.0,0.0,0.0,29.0,66.0,37.0,0.0,0.0,0.0,80.0,0.0,0.0,0.0,0.0,9.0,0.0,0.0,9.0,7.0,0.0,0.0,0.0,0.0,0.0,0.0,0.0,0.0,0.0,0.0,0.0,0.0,0.0,0.0,0.0,0.0,93.0,0.0,0.0,0.0,17.0,0.0,0.0,0.0,0.0,0.0,0.0,0.0,0.0,0.0,0.0,60.0,0.0,0.0,0.0,13.0,2.0,V4,52.0,female,165.0,56.0,healthy,control
Healthy6,0.0,0.0,4.0,0.0,0.0,0.0,15.0,0.0,0.0,0.0,0.0,0.0,0.0,0.0,0.0,0.0,0.0,0.0,2.0,0.0,0.0,0.0,268.0,2281.0,0.0,48.0,0.0,0.0,255.0,0.0,413.0,0.0,262.0,25.0,0.0,0.0,0.0,0.0,0.0,0.0,0.0,193.0,158.0,65.0,11.0,0.0,879.0,0.0,0.0,0.0,0.0,82.0,36.0,0.0,0.0,0.0,0.0,0.0,0.0,0.0,0.0,0.0,0.0,0.0,0.0,0.0,0.0,0.0,0.0,0.0,0.0,0.0,0.0,0.0,0.0,0.0,16.0,0.0,0.0,5.0,0.0,0.0,2.0,4.0,0.0,0.0,0.0,0.0,0.0,4.0,0.0,71.0,0.0,25.0,5.0,41.0,3.0,0.0,0.0,3.0,82.0,8.0,0.0,0.0,61.0,0.0,13.0,0.0,14.0,31.0,0.0,0.0,17.0,9.0,103.0,0.0,0.0,0.0,28.0,0.0,0.0,0.0,0.0,0.0,0.0,0.0,0.0,0.0,0.0,7.0,557.0,34.0,0.0,0.0,0.0,91.0,0.0,0.0,175.0,842.0,8.0,0.0,0.0,0.0,0.0,60.0,0.0,28.0,0.0,149.0,0.0,0.0,0.0,0.0,0.0,0.0,490.0,0.0,0.0,0.0,0.0,0.0,11.0,0.0,0.0,0.0,0.0,0.0,0.0,0.0,133.0,0.0,0.0,0.0,0.0,0.0,2.0,0.0,10.0,0.0,0.0,0.0,139.0,0.0,0.0,0.0,0.0,0.0,0.0,0.0,0.0,0.0,65.0,0.0,0.0,0.0,592.0,0.0,0.0,0.0,0.0,0.0,0.0,0.0,0.0,0.0,0.0,2.0,0.0,0.0,0.0,14.0,2.0,V4,75.0,male,170.0,73.0,healthy,control
Healthy7,2.0,0.0,60.0,0.0,3.0,12.0,0.0,0.0,0.0,0.0,0.0,0.0,0.0,0.0,0.0,0.0,0.0,0.0,8.0,0.0,0.0,0.0,0.0,78.0,28.0,411.0,0.0,0.0,0.0,0.0,7.0,0.0,0.0,0.0,0.0,51.0,0.0,0.0,6.0,0.0,0.0,23.0,0.0,0.0,0.0,0.0,0.0,0.0,157.0,0.0,0.0,0.0,0.0,0.0,0.0,0.0,0.0,0.0,76.0,56.0,178.0,0.0,20.0,42.0,0.0,0.0,17.0,0.0,0.0,0.0,0.0,0.0,0.0,0.0,0.0,0.0,149.0,18.0,0.0,0.0,0.0,202.0,118.0,0.0,0.0,0.0,0.0,0.0,3.0,21.0,227.0,0.0,0.0,0.0,0.0,0.0,0.0,0.0,0.0,0.0,606.0,89.0,19.0,81.0,1822.0,743.0,223.0,0.0,0.0,0.0,279.0,0.0,0.0,0.0,1008.0,0.0,0.0,0.0,526.0,55.0,0.0,0.0,0.0,12.0,0.0,0.0,99.0,100.0,0.0,68.0,22.0,37.0,0.0,0.0,0.0,0.0,2.0,0.0,130.0,51.0,0.0,0.0,0.0,365.0,7.0,57.0,0.0,37.0,0.0,0.0,0.0,0.0,0.0,0.0,0.0,0.0,24.0,0.0,0.0,0.0,0.0,0.0,8.0,0.0,0.0,0.0,0.0,0.0,0.0,0.0,56.0,46.0,2.0,0.0,0.0,0.0,0.0,0.0,12.0,0.0,0.0,0.0,0.0,0.0,0.0,0.0,0.0,16.0,0.0,0.0,85.0,0.0,0.0,0.0,0.0,0.0,64.0,0.0,0.0,0.0,0.0,0.0,51.0,47.0,0.0,0.0,0.0,5.0,0.0,0.0,132.0,15.0,2.0,V4,52.0,male,162.0,65.0,healthy,control
Healthy8,0.0,0.0,0.0,0.0,0.0,0.0,13.0,0.0,0.0,62.0,0.0,0.0,0.0,0.0,67.0,0.0,0.0,0.0,0.0,0.0,0.0,0.0,393.0,901.0,0.0,0.0,0.0,98.0,1235.0,0.0,97.0,0.0,0.0,83.0,0.0,0.0,0.0,3.0,3.0,0.0,0.0,135.0,16.0,31.0,0.0,586.0,0.0,0.0,5.0,0.0,0.0,32.0,0.0,0.0,0.0,0.0,0.0,6.0,0.0,0.0,0.0,0.0,0.0,0.0,0.0,0.0,0.0,0.0,0.0,0.0,0.0,0.0,0.0,0.0,0.0,0.0,14.0,0.0,0.0,3.0,0.0,63.0,105.0,8.0,7.0,0.0,0.0,19.0,0.0,0.0,0.0,0.0,0.0,0.0,0.0,0.0,0.0,0.0,0.0,0.0,217.0,80.0,27.0,0.0,456.0,61.0,0.0,0.0,0.0,0.0,58.0,0.0,0.0,0.0,206.0,0.0,0.0,0.0,61.0,33.0,0.0,0.0,0.0,6.0,0.0,29.0,11.0,33.0,0.0,21.0,27.0,0.0,0.0,0.0,0.0,31.0,0.0,0.0,35.0,205.0,0.0,0.0,0.0,208.0,364.0,272.0,0.0,117.0,0.0,0.0,0.0,0.0,0.0,0.0,0.0,0.0,1081.0,0.0,0.0,0.0,0.0,0.0,26.0,0.0,0.0,0.0,0.0,0.0,0.0,0.0,7.0,12.0,0.0,0.0,0.0,0.0,0.0,0.0,0.0,0.0,0.0,0.0,0.0,0.0,0.0,215.0,0.0,0.0,73.0,0.0,0.0,0.0,23.0,0.0,0.0,0.0,31.0,0.0,0.0,0.0,0.0,0.0,0.0,0.0,0.0,0.0,0.0,0.0,0.0,788.0,0.0,16.0,2.0,V4,65.0,male,182.0,88.0,healthy,control
SRR2143521,0.0,0.0,15.0,0.0,0.0,0.0,280.0,44.0,0.0,322.0,0.0,6.0,10.0,0.0,0.0,0.0,153.0,0.0,3.0,0.0,0.0,0.0,12.0,162.0,0.0,0.0,0.0,0.0,0.0,0.0,0.0,0.0,466.0,0.0,0.0,0.0,0.0,0.0,258.0,0.0,0.0,0.0,4.0,0.0,0.0,0.0,0.0,0.0,0.0,0.0,0.0,0.0,0.0,0.0,4.0,0.0,0.0,0.0,0.0,0.0,0.0,0.0,0.0,5.0,0.0,0.0,0.0,0.0,0.0,0.0,0.0,40.0,0.0,0.0,0.0,0.0,15.0,0.0,0.0,5.0,0.0,95.0,49.0,0.0,0.0,0.0,0.0,13.0,0.0,26.0,0.0,0.0,0.0,0.0,0.0,0.0,0.0,0.0,3.0,0.0,32.0,135.0,0.0,0.0,1449.0,0.0,10.0,0.0,14.0,5.0,239.0,0.0,0.0,7.0,1099.0,0.0,0.0,2.0,72.0,159.0,0.0,0.0,0.0,21.0,0.0,21.0,19.0,988.0,0.0,100.0,86.0,4.0,0.0,0.0,0.0,102.0,0.0,0.0,152.0,103.0,8.0,0.0,0.0,503.0,115.0,31.0,0.0,271.0,0.0,0.0,0.0,0.0,0.0,153.0,0.0,17.0,0.0,0.0,0.0,423.0,0.0,0.0,39.0,0.0,0.0,0.0,142.0,0.0,0.0,0.0,0.0,5.0,2.0,0.0,0.0,0.0,0.0,0.0,19.0,0.0,0.0,0.0,0.0,0.0,0.0,0.0,0.0,0.0,89.0,0.0,0.0,0.0,47.0,0.0,0.0,0.0,0.0,5.0,0.0,0.0,0.0,3.0,0.0,0.0,0.0,0.0,0.0,0.0,0.0,584.0,0.0,1.0,1.0,V4,44.0,female,170.0,72.0,healthy,control
SRR2143523,118.0,0.0,0.0,0.0,0.0,0.0,0.0,0.0,35.0,0.0,0.0,40.0,0.0,0.0,0.0,33.0,0.0,0.0,0.0,0.0,0.0,0.0,28.0,144.0,0.0,20.0,38.0,0.0,36.0,8.0,138.0,0.0,26.0,31.0,24.0,66.0,0.0,1011.0,0.0,0.0,0.0,52.0,0.0,15.0,0.0,76.0,8.0,0.0,499.0,0.0,12.0,22.0,122.0,0.0,6.0,0.0,0.0,0.0,0.0,0.0,0.0,0.0,0.0,0.0,0.0,0.0,0.0,0.0,0.0,0.0,0.0,0.0,0.0,0.0,0.0,0.0,12.0,0.0,0.0,179.0,0.0,96.0,138.0,58.0,0.0,0.0,135.0,14.0,0.0,73.0,0.0,112.0,0.0,0.0,0.0,23.0,3.0,0.0,0.0,0.0,290.0,74.0,68.0,0.0,204.0,54.0,0.0,236.0,0.0,0.0,245.0,0.0,0.0,0.0,233.0,20.0,0.0,0.0,0.0,39.0,0.0,0.0,0.0,14.0,0.0,0.0,64.0,905.0,35.0,406.0,0.0,18.0,0.0,10.0,0.0,54.0,0.0,0.0,182.0,987.0,0.0,0.0,0.0,165.0,106.0,384.0,0.0,543.0,0.0,238.0,0.0,0.0,20.0,0.0,0.0,0.0,107.0,0.0,0.0,0.0,13.0,0.0,12.0,0.0,0.0,0.0,7.0,0.0,0.0,0.0,0.0,0.0,0.0,0.0,0.0,0.0,0.0,43.0,0.0,0.0,0.0,0.0,0.0,0.0,0.0,0.0,0.0,0.0,0.0,0.0,0.0,0.0,0.0,0.0,0.0,0.0,6.0,0.0,0.0,0.0,0.0,0.0,0.0,0.0,4.0,0.0,3.0,5.0,0.0,286.0,0.0,1.0,1.0,V4,78.0,male,172.0,78.0,cancer,case
SRR2143524,126.0,5.0,8.0,0.0,0.0,0.0,120.0,207.0,1190.0,20.0,0.0,16.0,5.0,0.0,0.0,226.0,0.0,0.0,0.0,0.0,0.0,0.0,18.0,157.0,0.0,31.0,0.0,0.0,94.0,0.0,114.0,0.0,0.0,10.0,0.0,0.0,0.0,5.0,0.0,0.0,0.0,46.0,9.0,23.0,0.0,47.0,61.0,0.0,56.0,12.0,19.0,0.0,3.0,0.0,0.0,0.0,0.0,0.0,0.0,0.0,0.0,0.0,0.0,0.0,0.0,0.0,0.0,0.0,0.0,0.0,0.0,0.0,0.0,0.0,0.0,0.0,25.0,0.0,0.0,0.0,0.0,498.0,865.0,3.0,0.0,33.0,39.0,0.0,0.0,11.0,0.0,16.0,0.0,0.0,0.0,0.0,0.0,0.0,4.0,0.0,162.0,196.0,18.0,14.0,819.0,114.0,0.0,0.0,0.0,0.0,184.0,0.0,0.0,0.0,1149.0,11.0,201.0,0.0,81.0,25.0,0.0,0.0,10.0,0.0,0.0,0.0,52.0,215.0,0.0,73.0,15.0,0.0,0.0,0.0,0.0,11.0,0.0,0.0,100.0,608.0,0.0,0.0,0.0,390.0,48.0,130.0,0.0,104.0,0.0,220.0,76.0,0.0,0.0,26.0,0.0,0.0,6.0,0.0,0.0,0.0,8.0,0.0,36.0,0.0,0.0,0.0,35.0,0.0,0.0,0.0,0.0,3.0,0.0,0.0,0.0,4.0,0.0,0.0,0.0,0.0,0.0,0.0,0.0,0.0,0.0,0.0,0.0,0.0,19.0,3.0,0.0,0.0,0.0,0.0,0.0,0.0,0.0,0.0,0.0,0.0,0.0,0.0,0.0,0.0,0.0,0.0,0.0,141.0,0.0,14.0,0.0,2.0,1.0,V4,59.0,male,177.0,65.0,healthy,control
SRR2143526,29.0,0.0,2.0,4.0,0.0,0.0,112.0,90.0,45.0,0.0,0.0,38.0,0.0,0.0,0.0,51.0,0.0,0.0,0.0,0.0,0.0,0.0,76.0,144.0,0.0,13.0,120.0,6.0,20.0,0.0,19.0,0.0,62.0,23.0,6.0,0.0,0.0,99.0,0.0,0.0,0.0,2.0,0.0,2.0,0.0,42.0,0.0,0.0,0.0,10.0,0.0,0.0,3.0,0.0,0.0,0.0,0.0,0.0,0.0,0.0,0.0,0.0,0.0,0.0,0.0,64.0,304.0,145.0,0.0,0.0,75.0,0.0,0.0,0.0,0.0,13.0,550.0,0.0,973.0,0.0,0.0,2.0,45.0,4.0,0.0,0.0,0.0,0.0,0.0,35.0,0.0,0.0,0.0,0.0,0.0,0.0,0.0,0.0,0.0,0.0,74.0,6.0,0.0,0.0,1891.0,253.0,37.0,0.0,0.0,0.0,57.0,0.0,9.0,0.0,541.0,10.0,0.0,0.0,54.0,19.0,0.0,0.0,0.0,0.0,0.0,93.0,8.0,377.0,21.0,189.0,41.0,43.0,0.0,0.0,0.0,7.0,0.0,0.0,4.0,451.0,0.0,0.0,0.0,138.0,0.0,21.0,0.0,56.0,0.0,771.0,0.0,0.0,0.0,249.0,0.0,0.0,23.0,4.0,0.0,0.0,16.0,0.0,13.0,0.0,4.0,0.0,10.0,0.0,0.0,4.0,0.0,0.0,0.0,0.0,3.0,0.0,0.0,0.0,20.0,0.0,0.0,0.0,0.0,0.0,0.0,0.0,0.0,0.0,0.0,0.0,0.0,0.0,8.0,4.0,0.0,6.0,194.0,0.0,0.0,0.0,0.0,0.0,0.0,0.0,17.0,0.0,0.0,0.0,0.0,223.0,0.0,2.0,1.0,V4,67.0,male,167.0,58.0,cancer,case
SRR2143527,0.0,0.0,0.0,0.0,0.0,0.0,0.0,0.0,0.0,0.0,0.0,0.0,31.0,0.0,0.0,0.0,0.0,0.0,0.0,0.0,0.0,0.0,555.0,367.0,0.0,0.0,0.0,0.0,89.0,0.0,0.0,0.0,0.0,0.0,0.0,0.0,0.0,0.0,0.0,0.0,0.0,0.0,0.0,0.0,0.0,0.0,0.0,0.0,0.0,0.0,0.0,0.0,0.0,0.0,0.0,0.0,0.0,0.0,0.0,0.0,0.0,0.0,2.0,0.0,0.0,0.0,0.0,0.0,0.0,0.0,0.0,0.0,0.0,0.0,0.0,0.0,68.0,0.0,0.0,0.0,0.0,76.0,14.0,22.0,0.0,0.0,0.0,6.0,0.0,132.0,0.0,0.0,0.0,0.0,0.0,0.0,0.0,0.0,0.0,0.0,575.0,446.0,19.0,0.0,1298.0,275.0,11.0,0.0,0.0,0.0,223.0,0.0,0.0,0.0,693.0,61.0,150.0,0.0,127.0,23.0,0.0,0.0,41.0,31.0,0.0,0.0,108.0,168.0,90.0,47.0,0.0,0.0,0.0,0.0,0.0,0.0,0.0,0.0,144.0,530.0,0.0,25.0,0.0,588.0,105.0,190.0,0.0,230.0,0.0,159.0,0.0,0.0,0.0,72.0,0.0,0.0,0.0,0.0,0.0,0.0,24.0,0.0,12.0,0.0,0.0,0.0,93.0,0.0,0.0,16.0,0.0,7.0,0.0,0.0,0.0,0.0,0.0,0.0,0.0,0.0,0.0,0.0,0.0,0.0,0.0,0.0,0.0,0.0,0.0,0.0,0.0,0.0,0.0,0.0,0.0,0.0,0.0,0.0,0.0,0.0,0.0,9.0,0.0,0.0,2.0,0.0,0.0,63.0,0.0,1549.0,0.0,3.0,1.0,V4,65.0,female,167.0,60.0,healthy,control
SRR2143533,94.0,0.0,7.0,0.0,0.0,0.0,110.0,0.0,0.0,0.0,0.0,137.0,0.0,0.0,8.0,529.0,0.0,0.0,0.0,32.0,0.0,0.0,18.0,22.0,0.0,0.0,7.0,0.0,0.0,0.0,0.0,0.0,0.0,0.0,0.0,0.0,0.0,21.0,189.0,0.0,0.0,0.0,16.0,0.0,0.0,0.0,0.0,29.0,5.0,0.0,3.0,0.0,0.0,0.0,16.0,0.0,0.0,0.0,0.0,0.0,0.0,0.0,6.0,0.0,0.0,0.0,0.0,0.0,0.0,0.0,0.0,0.0,0.0,0.0,0.0,0.0,18.0,0.0,0.0,111.0,0.0,49.0,313.0,9.0,0.0,0.0,3.0,33.0,0.0,54.0,0.0,174.0,0.0,0.0,0.0,249.0,0.0,0.0,2.0,0.0,527.0,87.0,77.0,70.0,2244.0,250.0,0.0,0.0,0.0,0.0,101.0,0.0,0.0,0.0,565.0,60.0,0.0,0.0,97.0,57.0,0.0,7.0,0.0,26.0,0.0,0.0,0.0,570.0,35.0,53.0,39.0,3.0,0.0,157.0,0.0,944.0,0.0,0.0,32.0,240.0,0.0,18.0,0.0,340.0,55.0,145.0,0.0,58.0,0.0,99.0,59.0,0.0,0.0,105.0,0.0,0.0,0.0,0.0,0.0,0.0,36.0,11.0,29.0,0.0,0.0,2.0,0.0,0.0,0.0,0.0,0.0,0.0,0.0,0.0,0.0,5.0,0.0,0.0,0.0,0.0,0.0,0.0,11.0,2.0,0.0,0.0,0.0,0.0,0.0,0.0,0.0,0.0,0.0,14.0,0.0,0.0,5.0,0.0,0.0,0.0,4.0,0.0,0.0,0.0,0.0,0.0,0.0,0.0,0.0,29.0,0.0,3.0,1.0,V4,88.0,female,166.0,63.0,cancer,case
SRR2143534,4.0,0.0,11.0,0.0,0.0,0.0,0.0,0.0,0.0,0.0,0.0,27.0,18.0,0.0,0.0,0.0,0.0,0.0,8.0,0.0,0.0,0.0,223.0,1414.0,0.0,163.0,0.0,96.0,335.0,0.0,291.0,0.0,115.0,16.0,0.0,0.0,0.0,0.0,0.0,0.0,0.0,24.0,0.0,9.0,0.0,0.0,445.0,0.0,0.0,0.0,19.0,19.0,65.0,0.0,0.0,0.0,5.0,0.0,0.0,0.0,0.0,0.0,0.0,0.0,0.0,0.0,0.0,0.0,0.0,0.0,0.0,0.0,0.0,0.0,0.0,0.0,146.0,0.0,0.0,0.0,0.0,22.0,113.0,0.0,0.0,0.0,0.0,0.0,0.0,35.0,0.0,124.0,0.0,0.0,15.0,0.0,0.0,0.0,0.0,0.0,209.0,138.0,19.0,0.0,804.0,34.0,16.0,0.0,0.0,5.0,205.0,0.0,0.0,0.0,327.0,13.0,52.0,0.0,33.0,40.0,0.0,0.0,18.0,74.0,0.0,19.0,26.0,318.0,0.0,82.0,0.0,36.0,0.0,0.0,0.0,0.0,0.0,0.0,60.0,286.0,0.0,0.0,0.0,259.0,179.0,96.0,0.0,185.0,0.0,1065.0,34.0,0.0,0.0,0.0,0.0,0.0,252.0,0.0,0.0,0.0,0.0,16.0,19.0,0.0,0.0,0.0,37.0,0.0,0.0,0.0,0.0,16.0,0.0,11.0,0.0,0.0,0.0,0.0,0.0,4.0,0.0,0.0,0.0,0.0,0.0,0.0,0.0,0.0,38.0,0.0,0.0,0.0,10.0,0.0,0.0,0.0,8.0,0.0,0.0,0.0,0.0,9.0,0.0,0.0,0.0,0.0,0.0,33.0,0.0,767.0,0.0,4.0,1.0,V4,56.0,female,158.0,80.0,healthy,control
SRR2143537,8.0,0.0,6.0,0.0,0.0,0.0,0.0,0.0,792.0,0.0,0.0,27.0,13.0,0.0,0.0,670.0,0.0,0.0,0.0,5.0,5.0,0.0,10.0,43.0,0.0,6.0,0.0,0.0,180.0,0.0,69.0,0.0,27.0,49.0,0.0,2.0,0.0,0.0,328.0,0.0,0.0,16.0,77.0,40.0,0.0,230.0,159.0,0.0,0.0,0.0,212.0,0.0,42.0,0.0,40.0,139.0,0.0,0.0,0.0,0.0,0.0,0.0,0.0,0.0,0.0,0.0,0.0,0.0,0.0,0.0,0.0,0.0,0.0,0.0,0.0,0.0,19.0,0.0,0.0,0.0,0.0,33.0,153.0,3.0,5.0,0.0,0.0,2.0,0.0,29.0,0.0,0.0,4.0,0.0,0.0,0.0,0.0,0.0,0.0,0.0,502.0,107.0,0.0,16.0,1226.0,68.0,13.0,0.0,0.0,0.0,257.0,0.0,0.0,0.0,1087.0,74.0,0.0,0.0,170.0,65.0,0.0,0.0,0.0,4.0,0.0,0.0,0.0,253.0,0.0,238.0,0.0,0.0,0.0,0.0,0.0,0.0,0.0,0.0,307.0,21.0,0.0,0.0,0.0,604.0,157.0,63.0,0.0,56.0,0.0,153.0,0.0,0.0,0.0,0.0,6.0,0.0,6.0,0.0,0.0,0.0,0.0,0.0,50.0,0.0,0.0,0.0,284.0,0.0,0.0,0.0,0.0,0.0,0.0,0.0,0.0,0.0,98.0,0.0,0.0,0.0,0.0,0.0,0.0,0.0,0.0,4.0,0.0,0.0,6.0,0.0,0.0,3.0,3.0,9.0,0.0,0.0,0.0,0.0,0.0,0.0,0.0,3.0,0.0,0.0,15.0,0.0,0.0,5.0,0.0,8.0,0.0,5.0,1.0,V4,59.0,female,167.0,72.0,healthy,control
SRR2143552,0.0,0.0,3.0,0.0,0.0,0.0,0.0,0.0,0.0,0.0,0.0,0.0,13.0,0.0,0.0,0.0,0.0,0.0,0.0,0.0,0.0,0.0,0.0,174.0,14.0,0.0,9.0,0.0,11.0,0.0,245.0,0.0,6.0,30.0,0.0,0.0,0.0,807.0,0.0,0.0,0.0,0.0,0.0,0.0,0.0,0.0,71.0,0.0,15.0,21.0,3.0,0.0,0.0,0.0,0.0,0.0,0.0,0.0,0.0,0.0,0.0,0.0,0.0,0.0,22.0,0.0,0.0,0.0,0.0,0.0,0.0,0.0,0.0,0.0,4.0,0.0,28.0,0.0,0.0,53.0,0.0,288.0,86.0,0.0,0.0,0.0,0.0,0.0,0.0,30.0,0.0,280.0,0.0,0.0,0.0,216.0,0.0,0.0,0.0,0.0,451.0,119.0,0.0,8.0,2535.0,115.0,85.0,0.0,0.0,0.0,308.0,0.0,0.0,0.0,623.0,9.0,345.0,0.0,161.0,32.0,48.0,0.0,0.0,16.0,0.0,0.0,0.0,110.0,13.0,143.0,0.0,0.0,0.0,0.0,0.0,115.0,0.0,0.0,65.0,229.0,0.0,0.0,0.0,656.0,14.0,0.0,8.0,97.0,0.0,349.0,193.0,0.0,0.0,14.0,0.0,0.0,19.0,0.0,0.0,0.0,0.0,3.0,12.0,0.0,0.0,0.0,43.0,0.0,0.0,0.0,0.0,0.0,0.0,0.0,0.0,0.0,0.0,0.0,0.0,0.0,0.0,0.0,0.0,0.0,0.0,0.0,0.0,0.0,6.0,0.0,0.0,0.0,0.0,0.0,0.0,0.0,29.0,0.0,0.0,0.0,0.0,99.0,0.0,0.0,7.0,0.0,0.0,0.0,0.0,76.0,0.0,6.0,1.0,V4,39.0,female,162.0,61.0,healthy,control
SRR2143555,0.0,0.0,8.0,0.0,0.0,0.0,265.0,835.0,298.0,54.0,0.0,23.0,0.0,0.0,0.0,793.0,0.0,0.0,10.0,0.0,0.0,0.0,0.0,27.0,0.0,12.0,0.0,0.0,22.0,0.0,36.0,0.0,0.0,0.0,0.0,0.0,0.0,0.0,0.0,0.0,0.0,0.0,0.0,0.0,0.0,13.0,0.0,0.0,0.0,0.0,0.0,0.0,0.0,0.0,0.0,0.0,0.0,0.0,0.0,0.0,0.0,0.0,0.0,0.0,0.0,0.0,0.0,0.0,0.0,0.0,0.0,0.0,0.0,0.0,0.0,0.0,399.0,0.0,0.0,14.0,0.0,92.0,99.0,0.0,0.0,0.0,0.0,9.0,0.0,5.0,0.0,0.0,0.0,0.0,0.0,7.0,0.0,0.0,0.0,0.0,414.0,304.0,0.0,0.0,1222.0,19.0,99.0,0.0,0.0,0.0,493.0,5.0,0.0,0.0,1053.0,37.0,0.0,0.0,153.0,62.0,0.0,0.0,0.0,0.0,0.0,22.0,0.0,489.0,0.0,309.0,106.0,16.0,0.0,0.0,0.0,14.0,0.0,0.0,31.0,0.0,0.0,0.0,0.0,162.0,443.0,8.0,0.0,168.0,0.0,518.0,0.0,0.0,0.0,62.0,0.0,0.0,0.0,0.0,0.0,0.0,0.0,0.0,13.0,0.0,0.0,0.0,13.0,0.0,0.0,0.0,0.0,0.0,0.0,0.0,2.0,0.0,0.0,0.0,0.0,0.0,0.0,0.0,0.0,0.0,0.0,0.0,0.0,0.0,0.0,0.0,0.0,0.0,8.0,0.0,0.0,0.0,6.0,0.0,0.0,0.0,0.0,0.0,0.0,0.0,0.0,0.0,0.0,0.0,0.0,12.0,0.0,7.0,1.0,V4,32.0,female,170.0,102.0,healthy,control
SRR2143557,0.0,0.0,14.0,0.0,0.0,0.0,822.0,294.0,0.0,55.0,0.0,0.0,0.0,0.0,0.0,0.0,0.0,0.0,14.0,0.0,0.0,0.0,0.0,1122.0,0.0,0.0,0.0,137.0,1280.0,0.0,913.0,0.0,0.0,0.0,0.0,0.0,0.0,0.0,0.0,0.0,0.0,0.0,0.0,0.0,0.0,0.0,0.0,0.0,4.0,0.0,2.0,0.0,0.0,0.0,0.0,0.0,0.0,0.0,0.0,0.0,0.0,0.0,0.0,0.0,0.0,103.0,97.0,0.0,16.0,0.0,0.0,0.0,0.0,0.0,0.0,0.0,162.0,0.0,0.0,28.0,0.0,20.0,0.0,3.0,0.0,0.0,0.0,0.0,0.0,25.0,0.0,0.0,0.0,0.0,0.0,0.0,0.0,0.0,0.0,0.0,76.0,63.0,14.0,0.0,472.0,77.0,42.0,0.0,0.0,23.0,246.0,0.0,0.0,0.0,628.0,0.0,0.0,0.0,66.0,0.0,0.0,0.0,0.0,0.0,0.0,66.0,38.0,549.0,0.0,37.0,97.0,0.0,0.0,0.0,0.0,31.0,0.0,0.0,0.0,13.0,0.0,0.0,0.0,517.0,83.0,56.0,0.0,242.0,0.0,0.0,0.0,0.0,0.0,102.0,0.0,0.0,0.0,0.0,0.0,0.0,0.0,0.0,0.0,0.0,0.0,0.0,0.0,0.0,0.0,0.0,0.0,7.0,0.0,0.0,0.0,0.0,0.0,0.0,0.0,0.0,0.0,0.0,0.0,0.0,0.0,0.0,0.0,0.0,0.0,0.0,0.0,0.0,0.0,0.0,0.0,0.0,0.0,0.0,0.0,0.0,0.0,0.0,0.0,0.0,0.0,0.0,0.0,0.0,0.0,805.0,0.0,8.0,1.0,V4,42.0,male,167.0,76.0,healthy,control
SRR2143599,0.0,4.0,0.0,0.0,0.0,0.0,3.0,0.0,0.0,0.0,0.0,103.0,6.0,0.0,0.0,0.0,0.0,0.0,6.0,0.0,8.0,0.0,169.0,657.0,0.0,225.0,0.0,79.0,340.0,0.0,511.0,0.0,204.0,30.0,0.0,0.0,0.0,0.0,0.0,0.0,0.0,506.0,277.0,61.0,0.0,311.0,0.0,0.0,396.0,0.0,717.0,9.0,65.0,0.0,0.0,0.0,0.0,0.0,0.0,0.0,8.0,0.0,0.0,0.0,0.0,0.0,0.0,0.0,0.0,0.0,0.0,0.0,0.0,0.0,0.0,0.0,0.0,0.0,0.0,0.0,0.0,152.0,209.0,0.0,0.0,0.0,47.0,4.0,0.0,0.0,0.0,6.0,0.0,0.0,0.0,0.0,0.0,0.0,0.0,0.0,167.0,114.0,0.0,9.0,279.0,0.0,29.0,0.0,0.0,0.0,68.0,0.0,12.0,0.0,424.0,16.0,19.0,0.0,19.0,11.0,0.0,0.0,15.0,62.0,14.0,6.0,14.0,17.0,0.0,0.0,10.0,0.0,0.0,0.0,0.0,0.0,0.0,0.0,264.0,967.0,0.0,55.0,0.0,218.0,60.0,606.0,0.0,133.0,35.0,24.0,0.0,0.0,0.0,0.0,0.0,0.0,433.0,0.0,0.0,0.0,0.0,0.0,25.0,0.0,0.0,0.0,18.0,0.0,0.0,2.0,0.0,0.0,0.0,0.0,0.0,0.0,0.0,0.0,0.0,0.0,0.0,0.0,0.0,0.0,0.0,18.0,0.0,0.0,51.0,17.0,0.0,0.0,3.0,0.0,0.0,0.0,7.0,0.0,0.0,0.0,0.0,0.0,0.0,0.0,4.0,0.0,0.0,121.0,0.0,34.0,0.0,4.0,1.0,V4,78.0,female,154.0,60.0,cancer,case
SRR2143606,594.0,0.0,0.0,0.0,0.0,0.0,0.0,0.0,0.0,0.0,0.0,13.0,0.0,0.0,0.0,0.0,0.0,0.0,44.0,0.0,0.0,0.0,0.0,196.0,0.0,20.0,0.0,0.0,126.0,0.0,0.0,0.0,0.0,9.0,0.0,29.0,0.0,48.0,0.0,0.0,0.0,0.0,0.0,6.0,10.0,1742.0,46.0,0.0,0.0,0.0,0.0,0.0,0.0,0.0,0.0,0.0,0.0,0.0,0.0,0.0,0.0,0.0,0.0,0.0,0.0,0.0,0.0,0.0,0.0,0.0,0.0,0.0,0.0,0.0,0.0,0.0,28.0,0.0,0.0,10.0,0.0,713.0,233.0,22.0,0.0,8.0,0.0,0.0,0.0,3.0,0.0,0.0,0.0,0.0,0.0,0.0,6.0,0.0,3.0,0.0,310.0,92.0,0.0,0.0,671.0,64.0,23.0,0.0,0.0,0.0,21.0,7.0,0.0,0.0,535.0,0.0,0.0,0.0,351.0,0.0,0.0,0.0,0.0,0.0,0.0,9.0,21.0,23.0,0.0,71.0,0.0,21.0,0.0,0.0,0.0,11.0,0.0,11.0,153.0,961.0,0.0,0.0,0.0,10.0,114.0,503.0,0.0,212.0,0.0,0.0,0.0,0.0,0.0,30.0,0.0,0.0,0.0,0.0,16.0,0.0,0.0,0.0,74.0,0.0,4.0,0.0,476.0,0.0,0.0,0.0,0.0,15.0,0.0,0.0,0.0,0.0,0.0,0.0,7.0,0.0,0.0,0.0,0.0,0.0,0.0,0.0,0.0,0.0,4.0,0.0,0.0,0.0,0.0,0.0,0.0,0.0,0.0,0.0,0.0,0.0,0.0,0.0,0.0,0.0,5.0,20.0,0.0,0.0,0.0,540.0,0.0,5.0,1.0,V4,45.0,male,185.0,102.0,cancer,case
SRR2143621,2.0,0.0,11.0,0.0,0.0,0.0,0.0,14.0,0.0,0.0,0.0,5.0,22.0,0.0,0.0,3.0,0.0,0.0,6.0,0.0,0.0,0.0,0.0,19.0,0.0,0.0,0.0,0.0,14.0,0.0,14.0,0.0,0.0,6.0,0.0,0.0,0.0,0.0,0.0,0.0,0.0,0.0,0.0,0.0,0.0,0.0,6.0,0.0,21.0,0.0,0.0,0.0,0.0,0.0,0.0,0.0,0.0,0.0,0.0,0.0,0.0,0.0,0.0,0.0,0.0,0.0,0.0,0.0,0.0,0.0,0.0,0.0,0.0,0.0,20.0,0.0,77.0,0.0,0.0,3.0,0.0,159.0,45.0,10.0,0.0,0.0,0.0,15.0,0.0,33.0,0.0,1298.0,0.0,0.0,0.0,0.0,2.0,0.0,0.0,0.0,252.0,230.0,0.0,0.0,2687.0,182.0,370.0,0.0,0.0,0.0,448.0,0.0,0.0,0.0,686.0,0.0,0.0,0.0,226.0,0.0,0.0,0.0,0.0,0.0,0.0,0.0,76.0,426.0,0.0,31.0,59.0,102.0,0.0,0.0,0.0,5.0,0.0,0.0,35.0,21.0,0.0,0.0,0.0,869.0,7.0,41.0,0.0,85.0,0.0,330.0,0.0,0.0,0.0,0.0,0.0,0.0,3.0,0.0,0.0,0.0,0.0,0.0,24.0,0.0,0.0,0.0,94.0,0.0,0.0,0.0,0.0,16.0,26.0,0.0,0.0,0.0,0.0,0.0,55.0,0.0,0.0,0.0,0.0,0.0,0.0,0.0,4.0,0.0,0.0,0.0,0.0,0.0,0.0,15.0,0.0,0.0,0.0,0.0,0.0,19.0,0.0,0.0,0.0,0.0,16.0,0.0,0.0,3.0,0.0,0.0,0.0,6.0,1.0,V4,72.0,male,167.0,68.0,cancer,case
SRR2143627,157.0,0.0,4.0,0.0,0.0,0.0,0.0,0.0,0.0,0.0,0.0,20.0,12.0,0.0,0.0,626.0,21.0,0.0,4.0,0.0,0.0,0.0,6.0,101.0,0.0,0.0,0.0,17.0,25.0,0.0,96.0,0.0,11.0,0.0,0.0,4.0,3.0,0.0,0.0,0.0,0.0,0.0,13.0,0.0,0.0,0.0,23.0,0.0,0.0,0.0,0.0,0.0,0.0,0.0,7.0,0.0,3.0,0.0,0.0,0.0,0.0,0.0,0.0,0.0,0.0,0.0,0.0,0.0,6.0,0.0,0.0,0.0,0.0,0.0,0.0,0.0,8.0,0.0,0.0,91.0,0.0,357.0,107.0,5.0,0.0,0.0,0.0,27.0,0.0,23.0,0.0,12.0,0.0,0.0,0.0,8.0,0.0,0.0,0.0,0.0,444.0,167.0,9.0,0.0,2685.0,128.0,75.0,0.0,0.0,0.0,127.0,0.0,5.0,0.0,604.0,0.0,0.0,0.0,174.0,25.0,0.0,0.0,0.0,13.0,0.0,0.0,21.0,141.0,0.0,64.0,23.0,103.0,0.0,255.0,0.0,71.0,0.0,0.0,61.0,152.0,0.0,0.0,0.0,483.0,34.0,72.0,0.0,194.0,0.0,0.0,0.0,0.0,0.0,0.0,0.0,0.0,0.0,0.0,0.0,0.0,0.0,0.0,53.0,0.0,0.0,0.0,34.0,0.0,0.0,0.0,5.0,0.0,0.0,7.0,0.0,0.0,0.0,0.0,0.0,0.0,0.0,0.0,0.0,0.0,0.0,0.0,0.0,0.0,0.0,0.0,0.0,0.0,0.0,0.0,4.0,0.0,52.0,0.0,0.0,0.0,0.0,0.0,0.0,0.0,3.0,0.0,0.0,17.0,0.0,1362.0,0.0,7.0,1.0,V4,54.0,male,182.0,90.0,cancer,case
SRR2143633,0.0,7.0,4.0,0.0,0.0,0.0,19.0,5.0,0.0,101.0,0.0,11.0,20.0,0.0,0.0,267.0,0.0,0.0,0.0,0.0,0.0,0.0,217.0,1041.0,0.0,147.0,0.0,45.0,355.0,11.0,516.0,0.0,0.0,0.0,0.0,231.0,0.0,0.0,0.0,0.0,0.0,326.0,0.0,0.0,0.0,402.0,0.0,0.0,0.0,0.0,111.0,42.0,0.0,0.0,0.0,0.0,0.0,0.0,0.0,0.0,0.0,9.0,0.0,0.0,0.0,0.0,0.0,0.0,0.0,0.0,0.0,0.0,0.0,0.0,0.0,0.0,12.0,0.0,0.0,0.0,2.0,100.0,128.0,32.0,0.0,0.0,0.0,49.0,0.0,28.0,0.0,0.0,0.0,0.0,0.0,0.0,11.0,7.0,0.0,0.0,340.0,154.0,22.0,9.0,698.0,118.0,0.0,0.0,0.0,0.0,113.0,0.0,0.0,0.0,426.0,13.0,0.0,0.0,278.0,27.0,0.0,0.0,0.0,105.0,0.0,21.0,303.0,131.0,0.0,0.0,14.0,53.0,4.0,0.0,0.0,7.0,0.0,0.0,123.0,152.0,0.0,0.0,0.0,493.0,140.0,458.0,0.0,293.0,0.0,112.0,113.0,0.0,0.0,93.0,2.0,0.0,0.0,0.0,0.0,0.0,22.0,23.0,13.0,0.0,0.0,0.0,0.0,0.0,0.0,0.0,4.0,0.0,0.0,0.0,0.0,0.0,0.0,0.0,0.0,0.0,0.0,0.0,6.0,0.0,0.0,0.0,0.0,0.0,0.0,0.0,0.0,0.0,34.0,0.0,0.0,0.0,4.0,0.0,0.0,0.0,4.0,8.0,0.0,0.0,0.0,0.0,0.0,15.0,30.0,102.0,0.0,8.0,1.0,V4,60.0,female,155.0,56.0,cancer,case
